,SKU ID,Link,Vendor,Price,Phone Number,Ship by date
,J & J Healthcare Systems #J500H,https://mms.mckesson.com/sm/catalog.item.mck?id=128014&pr=&src=PI,McKesson,219.5,,
,J & J Healthcare Systems #J500H,https://www.westcmr.com/j500h-wb36-j500h,West Coast Medical Resources,124.48,,
,J & J Healthcare Systems #J500H,https://www.dotmed.com/listing/sutures/ethicon/j500h/928713,dotmed,145,,
,McKesson Brand #58-204,https://mms.mckesson.com/product/191089/McKesson-Brand-58-204,McKesson,1.53,,
,McKesson Brand #58-204,https://www.duraprohealth.com/shop/1020-medivena-alcohol-prep-pads-medium-size-saturated-w-70-isoprophy-alcohol-sterile-409531,DuraPro Health,1.26,,
,McKesson Brand #58-204,https://bttnusa.com/products/onecare-alcohol-prep-pads?variant=42059488919740,bttn,1.41,,
,Look/Div Surgical Specialties #B1918N,https://www.henryschein.com/us-en/medical/p/medical-surgical-supplies/wound-closure/suture-express-pl-gut-absrb/1383513,Henry Schein,158.99,2056024338,"April 22, 2024"
,Look/Div Surgical Specialties #B1918N,https://mms.mckesson.com/product/1170267/Surgical-Specialties-B1918N,McKesson,192.16,‭+1 (929) 280-6660‬,"April 27, 2024"
,Look/Div Surgical Specialties #B1918N,https://www.medequipdepot.com/products/b1918n-surgical-specialties-corporation-suture-6-0-express-gut-plain-natural-18-in-precision-reverse-cutting-13mm-3-8-circle-p-3-needle-12-bx-sold-as-bx.html,MedEquip Depot,124.99,415-516-4312,"May 3, 2024"
,Look/Div Surgical Specialties #B1918N,https://wilburnmedicalusa.com/surgical-specialties-sharpoint-b1918n-plus-express-gut-suture/,Wilburn Medical USA,143.82,949-689-2624,"April 23, 2024"
,J & J Healthcare Systems  # J497G,https://www.henryschein.com/us-en/medical/p/medical-surgical-supplies/wound-closure/suture-vicryl-undyed-ps-2/6549934,Henry Schein,113.47,2056024338,"April 26, 2024"
,J & J Healthcare Systems  # J497G,https://www.tigermedical.com/Products/Coated-VICRYL-Absorbable-Sutures-with-Precision-Reverse-Cutting--Needles--38-Circle--12-per-Box__ETHJ497G-.aspx,Med Equip Depot,181.89,415-516-4312,"April 30, 2024"
,J & J Healthcare Systems  # J497G,https://www.zogomedical.com/j497g-suture-3-0-coated-vicryl-18-undyed-braided-ps-2,Wilburn Medical USA,140,949-689-2624,"May 19, 2024"
,J & J Healthcare Systems  # J497G,https://mms.mckesson.com/product/101274/J-J-Healthcare-Systems-J497G,McKesson,137.82,‭+1 (929) 280-6660‬,"May 9, 2024"
,J & J Healthcare Systems  # J494G,https://www.henryschein.com/us-en/medical/p/medical-surgical-supplies/wound-closure/suture-vicryl-undyed-p-3/6544427,Henry Schein,125.49,2056024338,"April 28, 2024"
,Covidien #SMM-5043,https://mms.mckesson.com/product/500655/Covidien-SMM-5043,McKesson,698.35,‭+1 (929) 280-6660‬,"May 18, 2024"
,Covidien #SMM-5043,https://www.henryschein.com/us-en/Shopping/ProductDetails.aspx?productid=2946635&cdivId=specialmarkets_d&CatalogName=B_PRIME&name=Maxon%20Suture%20Polyglyconate%20Copolymer%204-0%2018&quot;%20P-12%2036/Bx&did=specialmarkets_d&ShowProductCompare=true&FullPageMode=true,Henry Schein,326.88,2056024338,"May 6, 2024"
,Covidien #SMM-5043,https://www.ciamedical.com/covidien-smm5043-box-suture-maxon-mono-clr-p12-4-0-18-36-bx,Med Equip Depot,491.44,415-516-4312,"May 12, 2024"
,Covidien #SMM-5043,https://www.partssource.com/parts/united-states-surgical-covidien/SMM5043?pspn=ps66ajquman,Wilburn Medical USA,578.26,949-689-2624,"May 11, 2024"
,Midmark #9A553002,https://mms.mckesson.com/product/993523/Midmark-9A553002,McKesson,594.36,‭+1 (929) 280-6660‬,"May 13, 2024"
,Midmark #9A553002,https://www.henryschein.com/us-en/medical/p/equipment/tables-stools/foot-control-f-630-table/1259471,Henry Schein,541.43,2056024338,"May 1, 2024"
,Midmark #9A553002,https://www.beesmed.com/midmark-corporation-9a553002-control-foot-programmable-wired-field-installed-p-65735.html,Med Equip Depot,571.15,415-516-4312,"May 20, 2024"
,Midmark #9A553002,https://www.integrisequipment.com/products/midmark-9a553002,Wilburn Medical USA,431.25,949-689-2624,"April 23, 2024"
